BCARD77Brch-2,70
Food&Beverage1Brch-109,8
Food&Beverage1Brch-148,3
BCARD78Brch-5,345
BCARD79Brch-2,65
Food&Beverage1Brch-60,59
Food&Beverage2Brch-4,4
Food&Beverage6Brch-1,38
Food&Beverage1Brch-106,12
Motor&Fuel7Brch-181,15
BCARD40Brch-22,1
Education1Brch-7,69
Food&Beverage1Brch-34,149
Food&Beverage5Brch-9,1
Food&Beverage1Brch-45,10
Food&Beverage1Brch-83,22
Food&Beverage1Brch-35,18
Food&Beverage1Brch-43,32
Food&Beverage1Brch-61,12
Food&Beverage1Brch-122,2
Food&Beverage13Brch-13,11
Food&Beverage3Brch-1,55
Food&Beverage1Brch-55,116
Food&Beverage1Brch-24,86
Food&Beverage1Brch-30,28
Food&Beverage13Brch-51,2
Food&Beverage1Brch-78,16
Food&Beverage1Brch-95,12
Food&Beverage11Brch-1,23
BCARD37Brch-61,2
Food&Beverage13Brch-2,272
Food&Beverage1Brch-135,28
Food&Beverage4Brch-1,60
Food&Beverage2Brch-15,3
Food&Beverage1Brch-110,12
Food&Beverage1Brch-73,7
Education1Brch-6,14
Food&Beverage3Brch-6,1
Food&Beverage1Brch-48,8
BCARD13Brch-1,8
Food&Beverage1Brch-121,14
Food&Beverage13Brch-49,12
Food&Beverage1Brch-54,13
Food&Beverage1Brch-114,4
Food&Beverage1Brch-133,2
Food&Beverage1Brch-9,4
Food&Beverage13Brch-35,35
Food&Beverage13Brch-26,12
Motor&Fuel7Brch-139,6
BCARD76Brch-1,31
Food&Beverage5Brch-8,94
Food&Beverage13Brch-87,10
Food&Beverage3Brch-2,1
Food&Beverage13Brch-37,2
Food&Beverage1Brch-23,6
Food&Beverage1Brch-154,11
Food&Beverage13Brch-72,4
Food&Beverage1Brch-134,17
Food&Beverage1Brch-102,12
Food&Beverage1Brch-51,4
Food&Beverage1Brch-38,11
Food&Beverage2Brch-57,6
Food&Beverage1Brch-157,12
Food&Beverage13Brch-11,9
Food&Beverage13Brch-24,2
Food&Beverage1Brch-125,10
Food&Beverage5Brch-6,2
Food&Beverage2Brch-37,1
Food&Beverage2Brch-58,10
Food&Beverage2Brch-19,31
Food&Beverage1Brch-64,5
Food&Beverage1Brch-150,3
Food&Beverage2Brch-59,1
Food&Beverage1Brch-124,7
Food&Beverage1Brch-81,4
Food&Beverage2Brch-18,5
Food&Beverage1Brch-99,2
Food&Beverage3Brch-17,5
Food&Beverage2Brch-40,2
Food&Beverage3Brch-9,1
Food&Beverage13Brch-28,5
Food&Beverage2Brch-54,3
Education1Brch-1,4
Food&Beverage1Brch-40,7
Food&Beverage1Brch-129,5
Food&Beverage1Brch-94,11
Food&Beverage1Brch-93,5
Food&Beverage1Brch-49,11
Food&Beverage1Brch-82,5
Food&Beverage1Brch-8,9
Food&Beverage1Brch-168,1
Food&Beverage1Brch-145,13
Food&Beverage2Brch-38,1
Food&Beverage1Brch-159,6
Food&Beverage13Brch-20,3
Food&Beverage13Brch-99,8
Food&Beverage1Brch-11,7
Food&Beverage1Brch-96,12
Food&Beverage13Brch-52,6
Food&Beverage13Brch-108,12
Food&Beverage1Brch-86,8
Food&Beverage3Brch-21,1
Food&Beverage1Brch-175,11
Motor&Fuel7Brch-290,2
Motor&Fuel7Brch-382,1
Food&Beverage1Brch-56,7
Food&Beverage1Brch-16,16
Motor&Fuel7Brch-148,4
Food&Beverage1Brch-21,9
Food&Beverage1Brch-59,7
Food&Beverage13Brch-46,4
Food&Beverage1Brch-162,2
Food&Beverage1Brch-4,1
Others5Brch-1,1
Food&Beverage2Brch-77,1
Food&Beverage1Brch-166,4
Food&Beverage13Brch-29,3
Food&Beverage2Brch-14,8
Food&Beverage13Brch-91,5
Food&Beverage1Brch-17,1
Food&Beverage5Brch-3,1
Food&Beverage13Brch-48,13
Education1Brch-9,3
Food&Beverage1Brch-6,7
Food&Beverage1Brch-84,9
Food&Beverage1Brch-149,5
Others9Brch-190,19
Others9Brch-1411,4
Food&Beverage13Brch-107,2
Others9Brch-22,3
Food&Beverage1Brch-28,10
Food&Beverage1Brch-137,4
Food&Beverage13Brch-58,4
Motor&Fuel7Brch-359,12
Food&Beverage1Brch-39,10
Food&Beverage1Brch-37,5
Food&Beverage1Brch-85,2
Food&Beverage1Brch-118,3
Food&Beverage3Brch-27,1
Food&Beverage2Brch-60,5
Food&Beverage1Brch-74,1
Others9Brch-76,2
Food&Beverage13Brch-41,19
Food&Beverage13Brch-43,8
Motor&Fuel7Brch-178,2
Food&Beverage1Brch-160,6
Food&Beverage5Brch-1,1
Food&Beverage13Brch-55,2
Food&Beverage13Brch-59,2
Food&Beverage2Brch-46,1
Food&Beverage1Brch-112,2
Motor&Fuel5Brch-1,1
Food&Beverage1Brch-53,9
Food&Beverage1Brch-174,6
Food&Beverage13Brch-105,5
Food&Beverage1Brch-101,4
Food&Beverage1Brch-26,2
Food&Beverage13Brch-60,3
Food&Beverage1Brch-92,3
Food&Beverage1Brch-3,6
Food&Beverage5Brch-4,1
Food&Beverage1Brch-32,3
Others9Brch-911,12
Food&Beverage13Brch-109,2
Motor&Fuel7Brch-419,5
BCARD37Brch-26,2
Food&Beverage1Brch-111,3
Food&Beverage1Brch-46,2
Food&Beverage1Brch-29,4
Food&Beverage1Brch-116,10
BCARD78Brch-2,75
BCARD37Brch-88,3
Food&Beverage13Brch-47,3
Food&Beverage1Brch-105,2
Food&Beverage13Brch-114,6
Food&Beverage1Brch-165,4
Motor&Fuel7Brch-432,1
Food&Beverage1Brch-44,2
Food&Beverage13Brch-70,9
Food&Beverage1Brch-67,3
Food&Beverage13Brch-32,2
Food&Beverage1Brch-131,6
Food&Beverage1Brch-158,2
Food&Beverage13Brch-117,3
Food&Beverage1Brch-127,11
Food&Beverage1Brch-69,3
Food&Beverage1Brch-167,5
Food&Beverage1Brch-189,2
Food&Beverage1Brch-190,2
Food&Beverage1Brch-76,2
Food&Beverage13Brch-104,1
Food&Beverage1Brch-33,3
Food&Beverage3Brch-10,2
Food&Beverage1Brch-243,2
Food&Beverage1Brch-126,1
Food&Beverage1Brch-177,8
Food&Beverage2Brch-42,1
Food&Beverage1Brch-187,3
Food&Beverage1Brch-70,7
Food&Beverage1Brch-42,4
Food&Beverage13Brch-15,2
Food&Beverage2Brch-86,1
Food&Beverage1Brch-144,10
Food&Beverage1Brch-136,2
Food&Beverage13Brch-90,2
Food&Beverage13Brch-38,5
BCARD49Brch-1,1
Education1Brch-4,2
Others9Brch-151,2
Food&Beverage13Brch-129,1
Others5Brch-6,1
Food&Beverage1Brch-77,1
Food&Beverage1Brch-195,1
Food&Beverage1Brch-41,1
Food&Beverage1Brch-66,3
Food&Beverage13Brch-33,7
Food&Beverage2Brch-71,1
Food&Beverage13Brch-137,3
Food&Beverage13Brch-5,13
Others9Brch-418,1
Others9Brch-718,1
Food&Beverage1Brch-31,6
Food&Beverage13Brch-138,4
Others9Brch-126,1
Food&Beverage1Brch-13,4
BCARD78Brch-4,17
Others9Brch-893,3
Food&Beverage1Brch-115,1
Food&Beverage2Brch-63,2
Others9Brch-155,1
Food&Beverage2Brch-2,2
Food&Beverage1Brch-15,5
Others9Brch-245,2
Food&Beverage1Brch-163,1
Food&Beverage13Brch-77,2
Food&Beverage13Brch-85,7
Food&Beverage1Brch-90,2
Food&Beverage1Brch-191,1
Education1Brch-8,1
Food&Beverage1Brch-146,1
Food&Beverage1Brch-108,1
Motor&Fuel7Brch-174,1
Food&Beverage1Brch-79,1
Food&Beverage13Brch-113,2
Food&Beverage3Brch-7,1
Motor&Fuel7Brch-191,1
Others9Brch-1092,2
Food&Beverage1Brch-188,4
Others9Brch-1850,1
Food&Beverage1Brch-186,1
Food&Beverage13Brch-25,9
Food&Beverage1Brch-198,9
Others9Brch-562,1
Food&Beverage1Brch-180,1
Motor&Fuel7Brch-414,1
Food&Beverage13Brch-57,1
OnlinePortal11Brch-1,138
Food&Beverage1Brch-12,3
Food&Beverage1Brch-22,1
Food&Beverage1Brch-138,2
Food&Beverage1Brch-209,2
Food&Beverage1Brch-152,2
Food&Beverage13Brch-36,5
Food&Beverage1Brch-52,1
Food&Beverage2Brch-8,1
Food&Beverage1Brch-201,2
Food&Beverage3Brch-3,1
Motor&Fuel7Brch-394,3
Food&Beverage13Brch-14,2
Food&Beverage1Brch-113,1
Food&Beverage13Brch-102,8
Food&Beverage13Brch-54,1
Food&Beverage1Brch-97,5
Food&Beverage1Brch-178,6
Food&Beverage1Brch-89,1
Others9Brch-293,1
Motor&Fuel7Brch-434,1
Others9Brch-1178,2
Food&Beverage13Brch-23,5
Others9Brch-607,2
Others9Brch-438,1
Food&Beverage1Brch-207,1
Food&Beverage13Brch-16,1
Food&Beverage2Brch-89,1
Others5Brch-3,4
Others9Brch-1004,1
Others9Brch-497,3
Others9Brch-570,1
Food&Beverage1Brch-5,2
Food&Beverage13Brch-139,1
Food&Beverage3Brch-14,2
Food&Beverage13Brch-4,2
Food&Beverage1Brch-72,2
Motor&Fuel7Brch-395,1
Food&Beverage3Brch-8,1
Others9Brch-409,1
Motor&Fuel7Brch-308,3
Food&Beverage2Brch-24,1
Education1Brch-3,1
Food&Beverage1Brch-169,1
Others9Brch-1053,2
Food&Beverage13Brch-147,5
Food&Beverage1Brch-63,1
Motor&Fuel7Brch-311,4
Food&Beverage1Brch-171,2
Food&Beverage13Brch-153,3
Food&Beverage1Brch-123,1
Others9Brch-1043,1
Food&Beverage1Brch-205,1
Food&Beverage1Brch-216,3
Food&Beverage13Brch-30,1
Food&Beverage13Brch-89,2
Others9Brch-936,1
Others9Brch-713,1
Others9Brch-35,4
Food&Beverage1Brch-14,1
Food&Beverage13Brch-1,1
Food&Beverage1Brch-120,1
Food&Beverage13Brch-146,2
Food&Beverage1Brch-153,5
Food&Beverage1Brch-206,1
Food&Beverage1Brch-202,2
Motor&Fuel7Brch-299,1
Others9Brch-1013,1
Food&Beverage1Brch-100,3
Food&Beverage2Brch-12,1
Food&Beverage1Brch-184,3
Food&Beverage13Brch-123,1
Food&Beverage13Brch-67,2
Food&Beverage13Brch-124,2
Food&Beverage13Brch-71,1
Food&Beverage1Brch-179,1
Others9Brch-849,1
Food&Beverage13Brch-3,1
Others9Brch-521,1
BCARD78Brch-3,7
Others9Brch-68,2
Food&Beverage13Brch-19,1
Food&Beverage13Brch-39,1
Food&Beverage2Brch-26,1
Food&Beverage1Brch-91,2
Food&Beverage1Brch-200,3
Motor&Fuel7Brch-175,2
Food&Beverage13Brch-144,1
Food&Beverage1Brch-170,1
Food&Beverage1Brch-18,1
Food&Beverage13Brch-8,1
Food&Beverage1Brch-87,2
Food&Beverage1Brch-130,1
Food&Beverage4Brch-11,1
Food&Beverage1Brch-132,1
Food&Beverage13Brch-154,1
Food&Beverage1Brch-36,1
Others9Brch-478,1
Food&Beverage1Brch-212,1
Others9Brch-180,1
Food&Beverage2Brch-66,1
Food&Beverage1Brch-119,1
Food&Beverage1Brch-192,3
Others9Brch-9,1
Others9Brch-1217,1
Food&Beverage13Brch-169,1
Food&Beverage13Brch-45,1
Food&Beverage13Brch-168,1
Food&Beverage13Brch-80,1
Others9Brch-108,1
Food&Beverage13Brch-126,1
Food&Beverage1Brch-208,1
Food&Beverage1Brch-224,1
Food&Beverage13Brch-141,1
Food&Beverage1Brch-155,1
Food&Beverage1Brch-236,1
Food&Beverage13Brch-18,1
Others9Brch-162,1
Others9Brch-965,1
Food&Beverage1Brch-237,1
Food&Beverage13Brch-142,1
Others9Brch-128,3
Food&Beverage2Brch-33,1
Food&Beverage13Brch-61,3
